group,L inf Female,K Female,L inf Male,K Male
GAbshe,6.219,0.482,6.126,0.676
SAbshe,5.924,0.831,5.594,0.604
GAeihe,6.797,0.492,6.253,0.381
SAeihe,5.585,0.958,7.314,0.941
GAsswihe,6.401,0.674,6.725,0.556
SAsswihe,6.003,0.659,6.419,0.768
GAgshe,5.889,0.778,6.544,0.388
SAgshe,5.66,0.905,5.789,0.713
Mean,6.05975,0.722375,6.3454999999999995,0.628375
